EL-CENTRO_NS,
X,Y
0,-0.00409716125256073
0.02,-0.0316066725197542
0.04,-0.0295580918934738
0.06,-0.025753585016096
0.08,-0.0278021656423764
0.1,-0.0351185250219491
0.12,-0.0415569212759731
0.14,-0.0374597600234124
0.16,-0.03219198127012
0.18,-0.0248756218905473
0.2,-0.0248756218905473
0.22,-0.0383377231489611
0.24,-0.051507170032192
0.26,-0.0567749487854843
0.28,-0.0474100087796313
0.3,-0.0421422300263389
0.32,-0.0316066725197542
0.34,-0.0239976587649985
0.36,-0.0122914837576822
0.38,-0.019315188762072
0.4,-0.0383377231489611
0.42,-0.0556043312847527
0.44,-0.0573602575358502
0.46,-0.019315188762072
0.48,0.00877963125548727
0.5,0.0412642669007902
0.52,-0.0143400643839625
0.54,-0.0374597600234124
0.56,-0.0421422300263389
0.58,-0.0594088381621305
0.6,-0.0760901375475563
0.62,-0.0951126719344454
0.64,-0.0895522388059702
0.66,-0.0503365525314603
0.68,-0.0576529119110331
0.7,-0.0477026631548142
0.72,-0.0479953175299971
0.74,-0.0196078431372549
0.76,0.00731635937957273
0.78,0.0438981562774364
0.8,0.0690664325431665
0.82,0.0737489025460931
0.84,0.0983318700614574
0.86,0.135498975709687
0.88,0.143985952589991
0.9,0.122622183201639
0.92,0.105062920690664
0.94,0.0793093356745683
0.96,0.0687737781679836
0.98,0.0992098331870061
1,0.120573602575359
1.02,0.155106818846942
1.04,0.187006145741879
1.06,0.214223002633889
1.08,0.190810652619257
1.1,0.175299970734562
1.12,0.117061750073164
1.14,0.117061750073164
1.16,0.0184372256365233
1.18,-0.150717003219198
1.2,-0.230318993268949
1.22,-0.176470588235294
1.24,-0.141644717588528
1.26,-0.0731635937957272
1.28,-0.0172666081357916
1.3,0.0392156862745098
1.32,0.090137547556336
1.34,0.146034533216272
1.36,0.207784606379865
1.38,0.291191103306994
1.4,0.356745683347966
1.42,0.447468539654668
1.44,0.424056189640035
1.46,0.33801580333626
1.48,0.27363184079602
1.5,0.261047702663155
1.52,0.270997951419374
1.54,0.245537020778461
1.56,0.263681592039801
1.58,0.290605794556629
1.6,0.353819139596137
1.62,0.0959906350599941
1.64,-0.431665203394791
1.66,-0.60462393912789
1.68,-0.582089552238806
1.7,-0.595258999122037
1.72,-0.531460345332163
1.74,-0.504828797190518
1.76,-0.512730465320457
1.78,-0.51302311969564
1.8,-0.528241147205151
1.82,-0.477026631548142
1.84,-0.394205443371378
1.86,-0.318115305823822
1.88,-0.228855721393035
1.9,-0.125548726953468
1.92,-0.00497512437810945
1.94,0.105355575065847
1.96,0.229733684518584
1.98,0.340649692712906
2,0.467661691542289
2.02,0.573602575358502
2.04,0.705882352941177
2.06,0.798653789874159
2.08,0.888498683055312
2.1,0.936494000585309
2.12,1
2.14,0.825577992390986
2.16,0.680128767925081
2.18,-0.350599941469125
2.2,-0.694468832309043
2.22,-0.479953175299971
2.24,-0.545800409716125
2.26,-0.320456540825285
2.28,-0.22036874451273
2.3,-0.0506292069066433
2.32,0.0330699443956687
2.34,0.15598478197249
2.36,0.261925665788704
2.38,0.34708808896693
2.4,0.514193737196371
2.42,0.168568920105356
2.44,-0.769973661106234
2.46,-0.45273631840796
2.48,-0.50599941469125
2.5,-0.296166227685104
2.52,-0.169446883230904
2.54,0.0693590869183494
2.56,-0.196078431372549
2.58,-0.57945566286216
2.6,-0.480245829675154
2.62,-0.493122622183202
2.64,-0.433421129645888
2.66,-0.360257535850161
2.68,-0.292947029558092
2.7,-0.219783435762365
2.72,-0.153058238220661
2.74,-0.0793093356745683
2.76,-0.012876792508048
2.78,0.0550190225343869
2.8,-0.0278021656423764
2.82,-0.1267193444542
2.84,-0.245244366403278
2.86,-0.278314310798946
2.88,-0.209540532630963
2.9,-0.175299970734562
2.92,-0.0977465613110916
2.94,-0.0316066725197542
2.96,0.0541410594088382
2.98,0.122914837576822
3,0.196956394498098
3.02,-0.0283874743927422
3.04,-0.108867427568042
3.06,-0.0117061750073164
3.08,0.003219198127012
3.1,0.100673105062921
3.12,0.165349721978344
3.14,0.258413813286509
3.16,0.330699443956687
3.18,0.398887913374305
3.2,0.0640913081650571
3.22,0.0705297044190811
3.24,0.199882938249927
3.26,0.201638864501024
3.28,0.385718466491074
3.3,0.395961369622476
3.32,0.597014925373134
3.34,-0.272461223295288
3.36,-0.382791922739245
3.38,-0.202516827626573
3.4,-0.159789288849868
3.42,0.0210711150131695
3.44,0.197541703248464
3.46,-0.312262218320164
3.48,-0.435469710272169
3.5,-0.313432835820896
3.52,-0.34006438396254
3.54,-0.223002633889377
3.56,-0.163593795727246
3.58,-0.0629206906643254
3.6,-0.0368744512730465
3.62,-0.197249048873281
3.64,-0.0948200175592625
3.66,-0.0986245244366403
3.68,-0.0318993268949371
3.7,0.00497512437810945
3.72,0.0875036581796898
3.74,0.14281533508926
3.76,0.177933860111209
3.78,0.0649692712906058
3.8,-0.00936494000585309
3.82,-0.0717003219198127
3.84,0.022534386889084
3.86,0.0617500731635938
3.88,0.166227685103892
3.9,0.241732513901083
3.92,0.352941176470588
3.94,0.43254316652034
3.96,0.508340649692713
3.98,0.123207491952005
4,0.00848697688030436
4.02,0.0757974831723734
4.04,0.0857477319285923
4.06,-0.01609599063506
4.08,-0.0430201931518876
4.1,0.041849575651156
4.12,0.0602868012876793
4.14,0.146034533216272
4.16,0.188762071992976
4.18,0.280070237050044
4.2,0.330114135206321
4.22,0.423470880889669
4.24,0.476733977172959
4.26,0.569212759730758
4.28,0.543166520339479
4.3,0.580626280362891
4.32,0.517705589698566
4.34,0.365817968978636
4.36,-0.353233830845771
4.38,-0.158618671349137
4.4,-0.112379280070237
4.42,-0.0910155106818847
4.44,-0.327187591454492
4.46,-0.486098917178812
4.48,-0.721100380450688
4.5,-0.592625109745391
4.52,-0.537020778460638
4.54,-0.385425812115891
4.56,-0.280948200175593
4.58,-0.0951126719344454
4.6,0.045068773778168
4.62,0.238805970149254
4.64,0.386011120866257
4.66,0.532045654082529
4.68,-0.0169739537606087
4.7,-0.0494585894059116
4.72,0.0834064969271291
4.74,0.13081650570676
4.76,0.2876792508048
4.78,0.416739830260462
4.8,0.54228855721393
4.82,0.718759145449224
4.84,0.493122622183202
4.86,-0.403863037752414
4.88,-0.292361720807726
4.9,-0.318700614574188
4.92,-0.265437518290898
4.94,-0.137254901960784
4.96,-0.365817968978636
4.98,-0.617793386011121
5,-0.473222124670764
5.02,-0.495171202809482
5.04,-0.382206613988879
5.06,-0.325139010828212
5.08,-0.226221832016389
5.1,-0.149253731343284
5.12,-0.159203980099502
5.14,-0.351185250219491
5.16,-0.353819139596137
5.18,-0.338893766461809
5.2,-0.335089259584431
5.22,-0.209833187006146
5.24,-0.159789288849868
5.26,0.0187298800117062
5.28,-0.235294117647059
5.3,-0.478197249048873
5.32,-0.251390108282119
5.34,-0.281240854550776
5.36,-0.115891132572432
5.38,-0.0430201931518876
5.4,0.093356745683348
5.42,0.189640035118525
5.44,0.256365232660228
5.46,0.138132865086333
5.48,0.057945566286216
5.5,-0.00790166812993854
5.52,0.0854550775534094
5.54,0.130231196956395
5.56,0.229733684518584
5.58,0.302311969563945
5.6,0.395668715247293
5.62,0.470002926543752
5.64,0.544629792215394
5.66,0.374890254609306
5.68,0.187298800117062
5.7,0.0597014925373134
5.72,0.0918934738074334
5.74,0.109160081943225
5.76,0.145156570090723
5.78,0.0687737781679836
5.8,-0.0245829675153644
5.82,-0.0491659350307287
5.84,-0.0330699443956687
5.86,-0.0670178519168862
5.88,-0.0725782850453614
5.9,-0.0459467369037167
5.92,-0.0201931518876207
5.94,0.0430201931518876
5.96,0.110916008194323
5.98,0.169446883230904
6,0.0746268656716418
6.02,-0.0119988293824993
6.04,-0.125256072578285
6.06,-0.0389230318993269
6.08,0.0278021656423764
6.1,0.0673105062920691
6.12,-0.0377524143985953
6.14,-0.0146327187591455
6.16,0.0234123500146327
6.18,0.0614574187884109
6.2,0.111208662569505
6.22,0.149253731343284
6.24,0.0459467369037167
6.26,-0.00936494000585309
6.28,-0.0324846356453029
6.3,0.00146327187591455
6.32,0.0222417325139011
6.34,0.0102429031314018
6.36,-0.0278021656423764
6.38,-0.0105355575065847
6.4,-0.00468247000292654
6.42,0.0111208662569505
6.44,0.0248756218905473
6.46,-0.0163886450102429
6.48,-0.0889669300556043
6.5,-0.123207491952005
6.52,-0.0714076675446298
6.54,-0.0690664325431665
6.56,-0.0517998244073749
6.58,-0.0377524143985953
6.6,-0.00526777875329236
6.62,0.0594088381621305
6.64,-0.0316066725197542
6.66,-0.0266315481416447
6.68,-0.00995024875621891
6.7,-0.0310213637693884
6.72,-0.0324846356453029
6.74,-0.028972783143108
6.76,-0.000585308750365818
6.78,0.0213637693883524
6.8,0.0687737781679836
6.82,0.103892303189933
6.84,0.206321334503951
6.86,0.227977758267486
6.88,0.0538484050336553
6.9,-0.0769681006731051
6.92,-0.0362891425226807
6.94,-0.0122914837576822
6.96,0.0465320456540825
6.98,0.0140474100087796
7,-0.0640913081650571
7.02,-0.136669593210419
7.04,-0.125256072578285
7.06,-0.0632133450395083
7.08,-0.0125841381328651
7.1,0.0465320456540825
7.12,0.0936494000585309
7.14,0.122622183201639
7.16,0.0359964881474978
7.18,-0.0468247000292654
7.2,-0.0597014925373134
7.22,-0.0239976587649985
7.24,-0.0602868012876793
7.26,-0.0400936494000585
7.28,-0.01609599063506
7.3,0.0155106818846942
7.32,0.0392156862745098
7.34,0.0778460637986538
7.36,0.0678958150424349
7.38,0.0231196956394498
7.4,-0.00234123500146327
7.42,0.0585308750365818
7.44,0.127304653204565
7.46,0.143985952589991
7.48,0.0558969856599356
7.5,0.0269242025168276
7.52,-0.006438396254024
7.54,-0.00614574187884109
7.56,0.0152180275095113
7.58,0.0272168568920105
7.6,0.0746268656716418
7.62,0.107696810067311
7.64,0.153643546971027
7.66,0.158326016973954
7.68,0.124378109452736
7.7,0.116476441322798
7.72,0.163593795727246
7.74,0.221246707638279
7.76,0.106818846941762
7.78,0.120280948200176
7.8,0.0286801287679251
7.82,-0.0597014925373134
7.84,-0.0728709394205443
7.86,-0.118525021949078
7.88,-0.120866256950541
7.9,-0.13784021071115
7.92,-0.1267193444542
7.94,-0.134035703833772
7.96,-0.0166812993854258
7.98,0.0520924787825578
8,-0.0608721100380451
8.02,-0.143985952589991
8.04,-0.155106818846942
8.06,-0.105940883816213
8.08,-0.118525021949078
8.1,-0.090137547556336
8.12,-0.0924787825577992
8.14,-0.0775534094234709
8.16,-0.0775534094234709
8.18,-0.0787240269242025
8.2,-0.100965759438104
8.22,-0.0904302019315189
8.24,-0.0635059994146912
8.26,-0.0228270412642669
8.28,0.0254609306409131
8.3,0.0822358794263974
8.32,0.0907228563067018
8.34,0.104770266315481
8.36,0.099795141937372
8.38,0.104770266315481
8.4,0.0839918056774949
8.42,0.0892595844307872
8.44,0.0327772900204858
8.46,0.0626280362891425
8.48,0.0398009950248756
8.5,0.112379280070237
8.52,-0.251975417032485
8.54,-0.394790752121744
8.56,-0.392742171495464
8.58,-0.396254023997659
8.6,-0.34913666959321
8.62,-0.304945858940591
8.64,-0.242610477026632
8.66,-0.190517998244074
8.68,-0.129938542581212
8.7,-0.0755048287971905
8.72,-0.0175592625109745
8.74,-0.0266315481416447
8.76,-0.0532630962832894
8.78,-0.0430201931518876
8.8,0.0248756218905473
8.82,0.0477026631548142
8.84,0.0146327187591455
8.86,0.077260755048288
8.88,0.170324846356453
8.9,0.253731343283582
8.92,0.351185250219491
8.94,0.496049165935031
8.96,0.325139010828212
8.98,-0.3219198127012
9,-0.107111501316945
9.02,-0.130231196956395
9.04,-0.0690664325431665
9.06,-0.280948200175593
9.08,-0.191981270119988
9.1,-0.174714661984197
9.12,-0.196078431372549
9.14,-0.161545215100966
9.16,-0.00790166812993854
9.18,0.11062335381914
9.2,0.313725490196078
9.22,0.488440152180275
9.24,0.277143693298215
9.26,0.119402985074627
9.28,0.195200468247
9.3,0.038630377524144
9.32,-0.0278021656423764
9.34,-0.152180275095113
9.36,-0.242025168276266
9.38,-0.337137840210711
9.4,-0.336552531460345
9.42,-0.235001463271876
9.44,-0.107989464442493
9.46,0.00848697688030436
9.48,0.159496634474685
9.5,0.344746853965467
9.52,0.471173544044484
9.54,-0.0790166812993854
9.56,0.00995024875621891
9.58,-0.0163886450102429
9.6,0.00585308750365818
9.62,0.0427275387767047
9.64,0.157155399473222
9.66,0.233538191395961
9.68,-0.0599941469124963
9.7,-0.172666081357916
9.72,-0.0494585894059116
9.74,-0.0512145156570091
9.76,-0.00819432250512145
9.78,0.0216564237635353
9.8,0.111793971319871
9.82,0.165935030728709
9.84,0.22036874451273
9.86,0.23441615452151
9.88,0.173251390108282
9.9,0.0889669300556043
9.92,0.00673105062920691
9.94,0.0187298800117062
9.96,-0.118817676324261
9.98,-0.131987123207492
10,-0.0231196956394498
10.02,0.0491659350307287
10.04,0.165935030728709
10.06,0.0272168568920105
10.08,-0.01609599063506
10.1,0.012876792508048
10.12,-0.0359964881474978
10.14,-0.0825285338015803
10.16,-0.127889961954931
10.18,-0.103014340064384
10.2,-0.0746268656716418
10.22,-0.0324846356453029
10.24,0.0599941469124963
10.26,0.15188762071993
10.28,0.249926836406204
10.3,0.334796605209248
10.32,0.214515657009072
10.34,0.0693590869183494
10.36,-0.107696810067311
10.38,-0.0793093356745683
10.4,-0.0635059994146912
10.42,-0.25548726953468
10.44,-0.28475270705297
10.46,-0.172373426982733
10.48,-0.0983318700614574
10.5,0.022534386889084
10.52,0.0757974831723734
10.54,0.148668422592918
10.56,0.10564822944103
10.58,0.0237050043898156
10.6,-0.0163886450102429
10.62,-0.061164764413228
10.64,-0.0927714369329821
10.66,-0.0696517412935323
10.68,-0.110038045068774
10.7,-0.1609599063506
10.72,-0.21129645888206
10.74,-0.235001463271876
10.76,-0.153058238220661
10.78,-0.0995024875621891
10.8,-0.003219198127012
10.82,0.0190225343868891
10.84,-0.0108282118817676
10.86,-0.00146327187591455
10.88,-0.0491659350307287
10.9,-0.119988293824993
10.92,-0.0234123500146327
10.94,0.0231196956394498
10.96,0.109452736318408
10.98,0.179982440737489
11,0.194615159496634
11.02,0.0743342112964589
11.04,-0.0166812993854258
11.06,-0.138718173836699
11.08,-0.104184957565116
11.1,-0.0711150131694469
11.12,-0.0140474100087796
11.14,0.0368744512730465
11.16,0.110916008194323
11.18,0.0705297044190811
11.2,-0.0664325431665203
11.22,-0.125256072578285
11.24,-0.198712320749195
11.26,-0.193444541995903
11.28,-0.172666081357916
11.3,-0.150131694468832
11.32,-0.119402985074627
11.34,-0.0904302019315189
11.36,-0.0778460637986538
11.38,-0.158326016973954
11.4,-0.183786947614867
11.42,-0.265730172666081
11.44,-0.32396839332748
11.46,-0.257828504536143
11.48,-0.22534386889084
11.5,-0.170324846356453
11.52,-0.138425519461516
11.54,-0.0974539069359087
11.56,-0.0582382206613989
11.58,0.00585308750365818
11.6,0.0617500731635938
11.62,0.126426690079017
11.64,0.179397131987123
11.66,0.224465905765291
11.68,0.273046532045654
11.7,0.311969563944981
11.72,0.330699443956687
11.74,0.347380743342113
11.76,0.364940005853088
11.78,0.390400936494001
11.8,0.466491074041557
11.82,0.525899912203687
11.84,0.596136962247586
11.86,0.361720807726076
11.88,0.129353233830846
11.9,-0.0409716125256073
11.92,-0.194907813871817
11.94,-0.162423178226515
11.96,-0.202809482001756
11.98,-0.287971905179983
12,-0.364647351477905
12.02,-0.34503950834065
12.04,-0.307287093942054
12.06,-0.269242025168276
12.08,-0.217442200760901
12.1,-0.236757389522973
12.12,-0.248756218905473
12.14,-0.251682762657302
12.16,-0.25256072578285
12.18,-0.25548726953468
12.2,-0.254023997658765
12.22,-0.258999122036874
12.24,-0.157155399473222
12.26,0.0152180275095113
12.28,0.0629206906643254
12.3,0.0717003219198127
12.32,0.169739537606087
12.34,0.0918934738074334
12.36,0.0690664325431665
12.38,0.141937371963711
12.4,0.172373426982733
12.42,0.153643546971027
12.44,0.103892303189933
12.46,0.0576529119110331
12.48,0.0582382206613989
12.5,0.143985952589991
12.52,0.100380450687738
12.54,0.0842844600526778
12.56,0.126426690079017
12.58,0.0699443956687152
12.6,0.025753585016096
12.62,0.022534386889084
12.64,-0.0433128475270705
12.66,-0.022534386889084
12.68,-0.00556043312847527
12.7,0.0219490781387182
12.72,0.012876792508048
12.74,-0.0424348844015218
12.76,-0.0924787825577992
12.78,-0.0705297044190811
12.8,-0.00819432250512145
12.82,0.0532630962832894
12.84,0.124670763827919
12.86,0.128475270705297
12.88,0.149839040093649
12.9,0.136376938835236
12.92,0.140181445712613
12.94,0.0564822944103014
12.96,0.0649692712906058
12.98,0.0801872988001171
13,0.115013169446883
13.02,0.147497805092186
13.04,0.168861574480539
13.06,0.17208077260755
13.08,0.240561896400351
13.1,0.233245537020778
13.12,0.277729002048581
13.14,0.100965759438104
13.16,0.0131694468832309
13.18,-0.0359964881474978
13.2,-0.101551068188469
13.22,-0.124670763827919
13.24,-0.12174422007609
13.26,-0.0804799531753
13.28,-0.0790166812993854
13.3,0.0216564237635353
13.32,0.125256072578285
13.34,-0.067603160667252
13.36,-0.113257243195786
13.38,-0.0242903131401815
13.4,0.0406789581504244
13.42,0.130231196956395
13.44,0.00790166812993854
13.46,-0.203980099502488
13.48,-0.232952882645596
13.5,-0.0734562481709102
13.52,-0.0395083406496927
13.54,0.0231196956394498
13.56,-0.0336552531460345
13.58,-0.0734562481709102
13.6,-0.0974539069359087
13.62,-0.0787240269242025
13.64,-0.0880889669300556
13.66,-0.0585308750365818
13.68,-0.0196078431372549
13.7,-0.0111208662569505
13.72,0.0307287093942054
13.74,0.0866256950541411
13.76,0.100673105062921
13.78,0.280070237050044
13.8,0.262803628914252
13.82,0.0523851331577407
13.84,-0.105940883816213
13.86,-0.290898448931812
13.88,-0.236172080772608
13.9,-0.217734855136084
13.92,-0.157740708223588
13.94,-0.09657594381036
13.96,-0.0374597600234124
13.98,0.00907228563067018
14,0.0433128475270705
14.02,0.148668422592918
14.04,-0.006438396254024
14.06,-0.143107989464443
14.08,-0.104770266315481
14.1,-0.20222417325139
14.12,-0.151009657594381
14.14,-0.108574773192859
14.16,0.025753585016096
14.18,0.184957565115598
14.2,0.246122329528826
14.22,0.373426982733392
14.24,0.406204272753878
14.26,0.34913666959321
14.28,0.219783435762365
14.3,0.0658472344161545
14.32,-0.025753585016096
14.34,-0.0664325431665203
14.36,0.0216564237635353
14.38,0.0529704419081065
14.4,0.159203980099502
14.42,0.116769095697981
14.44,0.0131694468832309
14.46,-0.0239976587649985
14.48,-0.0541410594088382
14.5,-0.00585308750365818
14.52,0.00175592625109745
14.54,-0.0342405618964004
14.56,-0.0614574187884109
14.58,-0.0886742756804214
14.6,-0.149839040093649
14.62,-0.212759730757975
14.64,-0.169446883230904
14.66,-0.0778460637986538
14.68,-0.0520924787825578
14.7,0.0117061750073164
14.72,0.0286801287679251
14.74,0.0400936494000585
14.76,0.0646766169154229
14.78,0.127889961954931
14.8,0.0266315481416447
14.82,-0.160374597600234
14.84,-0.162423178226515
14.86,-0.0711150131694469
14.88,-0.0237050043898156
14.9,0.0731635937957272
14.92,0.119988293824993
14.94,0.0532630962832894
14.96,-0.00790166812993854
14.98,-0.0711150131694469
15,-0.00438981562774363
15.02,0.0722856306701785
15.04,0.141059408838162
15.06,0.229148375768218
15.08,0.182031021363769
15.1,0.0968685981855429
15.12,-0.00409716125256073
15.14,-0.0570676031606673
15.16,-0.0722856306701785
15.18,-0.0620427275387767
15.2,-0.03219198127012
15.22,0.0146327187591455
15.24,0.0705297044190811
15.26,-0.00995024875621891
15.28,-0.0632133450395083
15.3,-0.13784021071115
15.32,-0.106233538191396
15.34,-0.0570676031606673
15.36,-0.00526777875329236
15.38,0.0497512437810945
15.4,-0.0234123500146327
15.42,0.00146327187591455
15.44,0.0673105062920691
15.46,0.109452736318408
15.48,0.175885279484928
15.5,0.151009657594381
15.52,0.126426690079017
15.54,0.100673105062921
15.56,0.147790459467369
15.58,0.19110330699444
15.6,0.199882938249927
15.62,0.0503365525314603
15.64,-0.0497512437810945
15.66,-0.154228855721393
15.68,-0.194322505121452
15.7,-0.113257243195786
15.72,-0.0649692712906058
15.74,-0.009657594381036
15.76,0.0348258706467662
15.78,-0.0374597600234124
15.8,-0.102721685689201
15.82,-0.150424348844015
15.84,-0.0980392156862745
15.86,-0.0637986537898742
15.88,-0.00351185250219491
15.9,0.0415569212759731
15.92,0.0204858062628036
15.94,-0.0184372256365233
15.96,-0.0351185250219491
15.98,-0.0942347088088967
16,-0.101258413813287
16.02,-0.0266315481416447
16.04,0.0213637693883524
16.06,0.0904302019315189
16.08,0.138132865086333
16.1,0.176470588235294
16.12,0.168568920105356
16.14,0.09657594381036
16.16,-0.0213637693883524
16.18,-0.22739244951712
16.2,-0.177933860111209
16.22,-0.128182616330114
16.24,-0.061164764413228
16.26,0.00907228563067018
16.28,0.102429031314018
16.3,0.0857477319285923
16.32,0.035411179397132
16.34,0.0989171788118232
16.36,0.0927714369329821
16.38,0.0743342112964589
16.4,0.0602868012876793
16.42,0.057945566286216
16.44,0.0509218612818262
16.46,0.00614574187884109
16.48,-0.0421422300263389
16.5,-0.100380450687738
16.52,-0.0992098331870061
16.54,-0.0424348844015218
16.56,-0.00819432250512145
16.58,0.0497512437810945
16.6,-0.0280948200175593
16.62,-0.0746268656716418
16.64,-0.0816505706760316
16.66,-0.113549897570969
16.68,-0.070822358794264
16.7,-0.0629206906643254
16.72,-0.0532630962832894
16.74,-0.0509218612818262
16.76,-0.0111208662569505
16.78,-0.00790166812993854
16.8,-0.0541410594088382
16.82,-0.0359964881474978
16.84,0.0254609306409131
16.86,0.100380450687738
16.88,0.203394790752122
16.9,0.266315481416447
16.92,0.249634182031021
16.94,0.222417325139011
16.96,0.150131694468832
16.98,0.0544337137840211
17,0.00438981562774363
17.02,-0.0556043312847527
17.04,-0.0441908106526193
17.06,-0.0213637693883524
17.08,0.00614574187884109
17.1,0.0377524143985953
17.12,0.0629206906643254
17.14,0.00702370500438982
17.16,-0.0362891425226807
17.18,-0.0962832894351771
17.2,-0.15188762071993
17.22,-0.2071992976295
17.24,-0.169446883230904
17.26,-0.135206321334504
17.28,-0.0898448931811531
17.3,-0.0424348844015218
17.32,-0.00263388937664618
17.34,-0.0526777875329236
17.36,-0.0930640913081651
17.38,-0.136084284460053
17.4,-0.114427860696517
17.42,-0.100965759438104
17.44,-0.0924787825577992
17.46,-0.127304653204565
17.48,-0.143693298214808
17.5,-0.139010828211882
17.52,-0.122914837576822
17.54,-0.10564822944103
17.56,-0.0810652619256658
17.58,-0.0755048287971905
17.6,-0.0406789581504244
17.62,-0.0199004975124378
17.64,0.148375768217735
17.66,0.21129645888206
17.68,0.256950541410594
17.7,0.228855721393035
17.72,0.223880597014925
17.74,0.128475270705297
17.76,0.0234123500146327
17.78,0.00380450687737782
17.8,-0.0368744512730465
17.82,-0.00438981562774363
17.84,0.00877963125548727
17.86,0.0304360550190225
17.88,0.0304360550190225
17.9,0.0564822944103014
17.92,0.0599941469124963
17.94,0.0216564237635353
17.96,-0.0163886450102429
17.98,-0.0210711150131695
18,0.0204858062628036
18.02,0.0310213637693884
18.04,0.0430201931518876
18.06,-0.00263388937664618
18.08,-0.0465320456540825
18.1,-0.054726368159204
18.12,-0.00204858062628036
18.14,0.0453614281533509
18.16,0.0307287093942054
18.18,-0.0336552531460345
18.2,-0.0883816213052385
18.22,-0.0904302019315189
18.24,-0.0278021656423764
18.26,-0.0169739537606087
18.28,0.00117061750073164
18.3,0.00585308750365818
18.32,0.0146327187591455
18.34,0.0166812993854258
18.36,0.0283874743927422
18.38,0.0392156862745098
18.4,0.0517998244073749
18.42,0.0637986537898742
18.44,0.0763827919227393
18.46,0.0883816213052385
18.48,0.101258413813287
18.5,0.112964588820603
18.52,0.138718173836699
18.54,0.115013169446883
18.56,0.0696517412935323
18.58,0.0336552531460345
18.6,-0.0231196956394498
18.62,-0.0362891425226807
18.64,0.0158033362598771
18.66,0.00790166812993854
18.68,-0.0731635937957272
18.7,-0.165642376353526
18.72,-0.184372256365233
18.74,-0.172958735733099
18.76,-0.120866256950541
18.78,-0.0199004975124378
18.8,0.0796019900497512
18.82,0.0810652619256658
18.84,-0.00614574187884109
18.86,-0.0175592625109745
18.88,-0.03219198127012
18.9,-0.0646766169154229
18.92,-0.12174422007609
18.94,-0.15188762071993
18.96,-0.0649692712906058
18.98,0.00877963125548727
19,0.0231196956394498
19.02,0.0406789581504244
19.04,0.0500438981562774
19.06,0.074041556921276
19.08,0.0945273631840796
19.1,0.114427860696517
19.12,0.0479953175299971
19.14,-0.0398009950248756
19.16,-0.0945273631840796
19.18,-0.0851624231782265
19.2,-0.0839918056774949
19.22,-0.0889669300556043
19.24,-0.0992098331870061
19.26,-0.0717003219198127
19.28,-0.0222417325139011
19.3,0.0365817968978636
19.32,0.110038045068774
19.34,0.117647058823529
19.36,0.0717003219198127
19.38,0.0456540825285338
19.4,-0.0117061750073164
19.42,-0.0447761194029851
19.44,-0.0845771144278607
19.46,-0.0924787825577992
19.48,-0.0324846356453029
19.5,0.0275095112671934
19.52,0.0980392156862745
19.54,0.168568920105356
19.56,0.124085455077553
19.58,0.041849575651156
19.6,-0.00204858062628036
19.62,-0.0395083406496927
19.64,-0.0790166812993854
19.66,-0.099795141937372
19.68,-0.104477611940299
19.7,-0.115891132572432
19.72,-0.117647058823529
19.74,-0.14281533508926
19.76,-0.140474100087796
19.78,-0.118817676324261
19.8,-0.119110330699444
19.82,-0.102721685689201
19.84,-0.054726368159204
19.86,-0.0166812993854258
19.88,0.012876792508048
19.9,-0.00556043312847527
19.92,-0.0210711150131695
19.94,-0.0494585894059116
19.96,-0.0336552531460345
19.98,0.0368744512730465
20,0.104770266315481
20.02,0.191395961369623
20.04,0.209540532630963
20.06,0.223002633889377
20.08,0.21627158326017
20.1,0.183786947614867
20.12,0.141644717588528
20.14,0.077260755048288
20.16,-0.012876792508048
20.18,-0.0842844600526778
20.2,-0.112379280070237
20.22,-0.143985952589991
20.24,-0.125256072578285
20.26,-0.12174422007609
20.28,-0.0807726075504829
20.3,-0.0152180275095113
20.32,0.0693590869183494
20.34,0.124670763827919
20.36,0.176763242610477
20.38,0.132279777582675
20.4,0.0831138425519461
20.42,0.0368744512730465
20.44,-0.0158033362598771
20.46,-0.0804799531753
20.48,-0.123792800702371
20.5,-0.0512145156570091
20.52,0.000292654375182909
20.54,0.0743342112964589
20.56,0.140766754462979
20.58,0.187591454492245
20.6,0.162130523851332
20.62,0.120866256950541
20.64,0.0538484050336553
20.66,-0.0140474100087796
20.68,-0.0886742756804214
20.7,-0.155399473222125
20.72,-0.2071992976295
20.74,-0.27158326016974
20.76,-0.25256072578285
20.78,-0.184664910740416
20.8,-0.110038045068774
20.82,0.0254609306409131
20.84,0.0904302019315189
20.86,0.172373426982733
20.88,0.179689786362306
20.9,0.11267193444542
20.92,0.102721685689201
20.94,0.0910155106818847
20.96,0.0719929762949956
20.98,0.00556043312847527
21,-0.057945566286216
21.02,-0.0462393912788996
21.04,-0.00438981562774363
21.06,0.028972783143108
21.08,0.083699151302312
21.1,0.119402985074627
21.12,0.164764413227978
21.14,0.155399473222125
21.16,0.0918934738074334
21.18,0.04828797190518
21.2,-0.00702370500438982
21.22,-0.0553116769095698
21.24,-0.0807726075504829
21.26,-0.108574773192859
21.28,-0.131694468832309
21.3,-0.156277436347673
21.32,-0.141352063213345
21.34,-0.110916008194323
21.36,-0.0866256950541411
21.38,-0.0573602575358502
21.4,-0.0538484050336553
21.42,-0.0465320456540825
21.44,-0.0348258706467662
21.46,-0.0155106818846942
21.48,0.000585308750365818
21.5,0.0172666081357916
21.52,-0.00673105062920691
21.54,-0.0327772900204858
21.56,-0.0599941469124963
21.58,-0.0942347088088967
21.6,-0.113549897570969
21.62,-0.099795141937372
21.64,-0.0839918056774949
21.66,-0.0959906350599941
21.68,-0.119110330699444
21.7,-0.142522680714077
21.72,-0.164764413227978
21.74,-0.188469417617793
21.76,-0.162423178226515
21.78,-0.130523851331577
21.8,-0.00234123500146327
21.82,0.074041556921276
21.84,0.120280948200176
21.86,0.188469417617793
21.88,0.169446883230904
21.9,0.138718173836699
21.92,0.112379280070237
21.94,0.11267193444542
21.96,0.0995024875621891
21.98,0.104477611940299
22,0.00234123500146327
22.02,-0.0743342112964589
22.04,-0.134621012584138
22.06,-0.13784021071115
22.08,-0.0649692712906058
22.1,-0.0190225343868891
22.12,0.0479953175299971
22.14,0.103892303189933
22.16,0.147497805092186
22.18,0.108574773192859
22.2,0.0819432250512145
22.22,0.0462393912788996
22.24,0.0119988293824993
22.26,-0.00790166812993854
22.28,0.00614574187884109
22.3,0.012876792508048
22.32,0.028972783143108
22.34,0.0395083406496927
22.36,0.0275095112671934
22.38,0.0169739537606087
22.4,0.006438396254024
22.42,-0.00907228563067018
22.44,-0.00907228563067018
22.46,0.00117061750073164
22.48,-0.00731635937957273
22.5,-0.0362891425226807
22.52,-0.0687737781679836
22.54,-0.118817676324261
22.56,-0.155106818846942
22.58,-0.205150717003219
22.6,-0.0945273631840796
22.62,-0.0152180275095113
22.64,0.0275095112671934
22.66,0.0959906350599941
22.68,0.13988879133743
22.7,0.148961076968101
22.72,0.104770266315481
22.74,0.100087796312555
22.76,0.0895522388059702
22.78,0.0834064969271291
22.8,0.0769681006731051
22.82,0.0491659350307287
22.84,-0.00146327187591455
22.86,-0.0620427275387767
22.88,-0.106818846941762
22.9,-0.0907228563067018
22.92,-0.086918349429324
22.94,-0.0819432250512145
22.96,-0.0693590869183494
22.98,-0.0778460637986538
23,-0.090137547556336
23.02,-0.107111501316945
23.04,-0.104477611940299
23.06,-0.090137547556336
23.08,-0.0564822944103014
23.1,0.00556043312847527
23.12,0.0573602575358502
23.14,0.0468247000292654
23.16,0.0377524143985953
23.18,0.0409716125256073
23.2,0.03219198127012
23.22,0.0316066725197542
23.24,0.0269242025168276
23.26,0.0260462393912789
23.28,0.00556043312847527
23.3,-0.0383377231489611
23.32,-0.0722856306701785
23.34,-0.127597307579748
23.36,-0.126426690079017
23.38,-0.0877963125548727
23.4,-0.0561896400351185
23.42,-0.0140474100087796
23.44,0.0283874743927422
23.46,0.0491659350307287
23.48,0.0433128475270705
23.5,0.0506292069066433
23.52,0.0228270412642669
23.54,-0.0169739537606087
23.56,-0.0629206906643254
23.58,-0.0684811237928007
23.6,0.0175592625109745
23.62,0.0766754462979222
23.64,0.0787240269242025
23.66,0.0245829675153644
23.68,-0.0119988293824993
23.7,-0.0664325431665203
23.72,-0.0222417325139011
23.74,0.00907228563067018
23.76,0.0532630962832894
23.78,0.0907228563067018
23.8,0.140181445712613
23.82,0.134328358208955
23.84,0.0485806262803629
23.86,-0.0169739537606087
23.88,-0.115891132572432
23.9,-0.129938542581212
23.92,-0.0705297044190811
23.94,-0.0295580918934738
23.96,0.0635059994146912
23.98,0.0763827919227393
24,0.035411179397132
24.02,0.00234123500146327
24.04,-0.0491659350307287
24.06,-0.111793971319871
24.08,-0.165642376353526
24.1,-0.228563067017852
24.12,-0.181153058238221
24.14,-0.0749195200468247
24.16,0.012876792508048
24.18,0.133450395083407
24.2,0.229148375768218
24.22,0.322797775826749
24.24,0.278899619549312
24.26,0.143107989464443
24.28,0.0357038337723149
24.3,-0.113257243195786
24.32,-0.247585601404741
24.34,-0.358794263974246
24.36,-0.252853380158033
24.38,-0.180275095112672
24.4,-0.0667251975417033
24.42,0.0438981562774364
24.44,0.139596136962248
24.46,0.0945273631840796
24.48,0.0725782850453614
24.5,0.0278021656423764
24.52,0.0664325431665203
24.54,0.0989171788118232
24.56,0.147790459467369
24.58,0.173836698858648
24.6,0.15188762071993
24.62,0.161545215100966
24.64,0.174129353233831
24.66,0.180567749487855
24.68,0.173544044483465
24.7,0.136376938835236
24.72,0.0462393912788996
24.74,-0.022534386889084
24.76,-0.0673105062920691
24.78,-0.0886742756804214
24.8,-0.0962832894351771
24.82,-0.106526192566579
24.84,-0.143400643839625
24.86,-0.19315188762072
24.88,-0.211589113257243
24.9,-0.229441030143401
24.92,-0.247585601404741
24.94,-0.165642376353526
24.96,-0.061164764413228
24.98,0.0374597600234124
25,0.111501316944688
25.02,0.14281533508926
25.04,0.106233538191396
25.06,0.0731635937957272
25.08,0.0462393912788996
25.1,0.110330699443957
25.12,0.173836698858648
25.14,0.184372256365233
25.16,0.108282118817676
25.18,0.0635059994146912
25.2,0.0117061750073164
25.22,0.00673105062920691
25.24,-0.0181445712613404
25.26,-0.083699151302312
25.28,-0.111208662569505
25.3,-0.133743049458589
25.32,-0.147790459467369
25.34,-0.22739244951712
25.36,-0.183786947614867
25.38,-0.0553116769095698
25.4,0.0553116769095698
25.42,0.148961076968101
25.44,0.217734855136084
25.46,0.219198127011999
25.48,0.164471758852795
25.5,0.133157740708224
25.52,0.153643546971027
25.54,0.185835528241147
25.56,0.213930348258706
25.58,0.249048873280656
25.6,0.271290605794557
25.62,0.285338015803336
25.64,0.271875914544922
25.66,0.238220661398888
25.68,0.077260755048288
25.7,-0.0845771144278607
25.72,-0.263681592039801
25.74,-0.399180567749488
25.76,-0.251390108282119
25.78,-0.136962247585601
25.8,0.0237050043898156
25.82,0.173836698858648
25.84,0.240854550775534
25.86,0.162715832601697
25.88,0.0880889669300556
25.9,-0.003219198127012
25.92,-0.111208662569505
25.94,-0.101551068188469
25.96,-0.00585308750365818
25.98,0.0526777875329236
26,0.185250219490781
26.02,0.296458882060287
26.04,0.328358208955224
26.06,0.32396839332748
26.08,0.275095112671934
26.1,0.235586772022242
26.12,0.177933860111209
26.14,0.148668422592918
26.16,0.0602868012876793
26.18,-0.0588235294117647
26.2,-0.167398302604624
26.22,-0.29880011706175
26.24,-0.389815627743635
26.26,-0.358501609599064
26.28,-0.353233830845771
26.3,-0.294410301434006
26.32,-0.223002633889377
26.34,-0.160374597600234
26.36,-0.143107989464443
26.38,-0.118525021949078
26.4,-0.0851624231782265
26.42,-0.051507170032192
26.44,-0.0412642669007902
26.46,-0.0286801287679251
26.48,-0.0146327187591455
26.5,0.00556043312847527
26.52,0.0234123500146327
26.54,0.0102429031314018
26.56,-0.00848697688030436
26.58,-0.0178519168861574
26.6,-0.00995024875621891
26.62,-0.00380450687737782
26.64,0.0222417325139011
26.66,0.0599941469124963
26.68,0.0956979806848113
26.7,0.131694468832309
26.72,0.168861574480539
26.74,0.164471758852795
26.76,0.13579163008487
26.78,0.0877963125548727
26.8,0.0313140181445713
26.82,-0.00117061750073164
26.84,-0.009657594381036
26.86,-0.0201931518876207
26.88,-0.0295580918934738
26.9,-0.0588235294117647
26.92,-0.0550190225343869
26.94,0.00731635937957273
26.96,0.0392156862745098
26.98,0.0711150131694469
27,0.0778460637986538
27.02,0.0775534094234709
27.04,0.0453614281533509
27.06,-0.00556043312847527
27.08,-0.0278021656423764
27.1,-0.0632133450395083
27.12,-0.0488732806555458
27.14,-0.0351185250219491
27.16,-0.0187298800117062
27.18,-0.0377524143985953
27.2,-0.0477026631548142
27.22,-0.0564822944103014
27.24,-0.070822358794264
27.26,-0.0690664325431665
27.28,-0.0512145156570091
27.3,-0.0362891425226807
27.32,-0.0541410594088382
27.34,-0.0775534094234709
27.36,-0.0945273631840796
27.38,-0.0983318700614574
27.4,-0.132865086333041
27.42,-0.125841381328651
27.44,-0.0977465613110916
27.46,-0.0623353819139596
27.48,-0.0201931518876207
27.5,0.00877963125548727
27.52,0.000877963125548727
27.54,-0.0272168568920105
27.56,-0.0260462393912789
27.58,-0.0438981562774364
27.6,-0.0479953175299971
27.62,-0.0696517412935323
27.64,-0.0945273631840796
27.66,-0.123207491952005
27.68,-0.133743049458589
27.7,-0.116183786947615
27.72,-0.102136376938835
27.74,-0.0755048287971905
27.76,-0.0503365525314603
27.78,-0.00585308750365818
27.8,0.0456540825285338
27.82,0.0831138425519461
27.84,0.105940883816213
27.86,0.10359964881475
27.88,0.0787240269242025
27.9,0.0295580918934738
27.92,-0.0131694468832309
27.94,-0.0365817968978636
27.96,-0.0717003219198127
27.98,-0.0670178519168862
28,-0.0368744512730465
28.02,-0.0199004975124378
28.04,0.00526777875329236
28.06,0.0272168568920105
28.08,0.0585308750365818
28.1,0.083699151302312
28.12,0.106818846941762
28.14,0.0910155106818847
28.16,0.0529704419081065
28.18,0.00702370500438982
28.2,-0.0456540825285338
28.22,-0.093356745683348
28.24,-0.0640913081650571
28.26,-0.0345332162715833
28.28,0.00438981562774363
28.3,0.0447761194029851
28.32,0.0872110038045069
28.34,0.0711150131694469
28.36,0.0398009950248756
28.38,0.0298507462686567
28.4,0.00702370500438982
28.42,-0.00292654375182909
28.44,-0.00673105062920691
28.46,-0.0105355575065847
28.48,-0.0140474100087796
28.5,-0.0260462393912789
28.52,-0.0453614281533509
28.54,-0.0433128475270705
28.56,-0.0222417325139011
28.58,0
28.6,-0.00585308750365818
28.62,-0.0433128475270705
28.64,-0.0658472344161545
28.66,-0.109452736318408
28.68,-0.106818846941762
28.7,-0.0734562481709102
28.72,-0.0479953175299971
28.74,-0.00409716125256073
28.76,0.0447761194029851
28.78,0.0883816213052385
28.8,0.115013169446883
28.82,0.118817676324261
28.84,0.11267193444542
28.86,0.0962832894351771
28.88,0.0535557506584724
28.9,0.0365817968978636
28.92,0.0204858062628036
28.94,-0.000292654375182909
28.96,-0.0199004975124378
28.98,-0.0380450687737782
29,-0.0374597600234124
29.02,-0.0336552531460345
29.04,-0.0298507462686567
29.06,-0.0245829675153644
29.08,-0.0412642669007902
29.1,-0.0599941469124963
29.12,-0.0787240269242025
29.14,-0.102429031314018
29.16,-0.105062920690664
29.18,-0.086918349429324
29.2,-0.0664325431665203
29.22,0.00526777875329236
29.24,0.028972783143108
29.26,0.0594088381621305
29.28,0.0749195200468247
29.3,0.0582382206613989
29.32,0.0468247000292654
29.34,0.0313140181445713
29.36,0.0456540825285338
29.38,0.057945566286216
29.4,0.070822358794264
29.42,0.0412642669007902
29.44,0.01609599063506
29.46,-0.019315188762072
29.48,-0.0283874743927422
29.5,-0.00760901375475563
29.52,0.00468247000292654
29.54,0.0292654375182909
29.56,0.0275095112671934
29.58,0.0114135206321335
29.6,0
29.62,-0.019315188762072
29.64,-0.028972783143108
29.66,-0.0318993268949371
29.68,-0.0336552531460345
29.7,-0.0383377231489611
29.72,-0.0491659350307287
29.74,-0.0582382206613989
29.76,-0.0304360550190225
29.78,-0.00292654375182909
29.8,0.01609599063506
29.82,0.0377524143985953
29.84,0.0585308750365818
29.86,0.0582382206613989
29.88,0.0494585894059116
29.9,0.041849575651156
29.92,0.0318993268949371
29.94,0.0374597600234124
29.96,0.0444834650278022
29.98,0.0400936494000585
30,0.0342405618964004
30.02,0.0283874743927422
30.04,0.0175592625109745
30.06,-0.00819432250512145
30.08,-0.0146327187591455
30.1,-0.0245829675153644
30.12,-0.0520924787825578
30.14,-0.0939420544337138
30.16,-0.122914837576822
30.18,-0.151594966344747
30.2,-0.138132865086333
30.22,-0.115305823822066
30.24,-0.0848697688030436
30.26,-0.03219198127012
30.28,0.0146327187591455
30.3,0.038630377524144
30.32,0.0459467369037167
30.34,0.0517998244073749
30.36,0.0570676031606673
30.38,0.0746268656716418
30.4,0.0968685981855429
30.42,0.0959906350599941
30.44,0.0737489025460931
30.46,0.0506292069066433
30.48,0.0131694468832309
30.5,-0.0248756218905473
30.52,-0.0556043312847527
30.54,-0.0670178519168862
30.56,-0.0889669300556043
30.58,-0.0810652619256658
30.6,-0.0664325431665203
30.62,-0.0509218612818262
30.64,-0.035411179397132
30.66,-0.0368744512730465
30.68,-0.0377524143985953
30.7,-0.0234123500146327
30.72,-0.00760901375475563
30.74,0.0114135206321335
30.76,0.0190225343868891
30.78,0.01609599063506
30.8,0.0146327187591455
30.82,0.0187298800117062
30.84,0.0368744512730465
30.86,0.0523851331577407
30.88,0.0711150131694469
30.9,0.0898448931811531
30.92,0.0872110038045069
30.94,0.0734562481709102
30.96,0.0632133450395083
30.98,0.0477026631548142
31,0.0561896400351185
31.02,0.0684811237928007
31.04,0.0825285338015803
31.06,0.0880889669300556
31.08,0.0573602575358502
31.1,0.0310213637693884
31.12,-0.0114135206321335
31.14,-0.0477026631548142
31.16,-0.0942347088088967
31.18,-0.0980392156862745
31.2,-0.0640913081650571
31.22,-0.0433128475270705
31.24,-0.00292654375182909
31.26,0.003219198127012
31.28,-0.0155106818846942
31.3,-0.0295580918934738
31.32,-0.0368744512730465
31.34,-0.041849575651156
31.36,-0.0377524143985953
31.38,-0.0304360550190225
31.4,-0.0207784606379865
31.42,-0.00526777875329236
31.44,0.009657594381036
31.46,0.0248756218905473
31.48,0.0462393912788996
31.5,0.0699443956687152
31.52,0.093356745683348
31.54,0.099795141937372
31.56,0.0930640913081651
31.58,0.0623353819139596
31.6,0.0213637693883524
31.62,0.00263388937664618
31.64,-0.00438981562774363
31.66,-0.0137547556335967
31.68,-0.0219490781387182
31.7,-0.035411179397132
31.72,-0.0456540825285338
31.74,-0.0339479075212174
31.76,-0.0163886450102429
31.78,-0.00175592625109745
31.8,-0.000877963125548727
31.82,-0.000877963125548727
31.84,0.00409716125256073
31.86,0.0134621012584138
31.88,0.0210711150131695
31.9,0.0251682762657302
31.92,0.0286801287679251
31.94,0.0362891425226807
31.96,0.0430201931518876
31.98,0.0503365525314603
32,0.0585308750365818
32.02,0.0749195200468247
32.04,0.0927714369329821
32.06,0.0839918056774949
32.08,0.067603160667252
32.1,0.0307287093942054
32.12,-0.000292654375182909
32.14,-0.003219198127012
32.16,-0.0105355575065847
32.18,-0.0155106818846942
32.2,-0.0242903131401815
32.22,-0.0152180275095113
32.24,-0.00204858062628036
32.26,0.0108282118817676
32.28,0.0280948200175593
32.3,0.0453614281533509
32.32,0.0599941469124963
32.34,0.041849575651156
32.36,0.0213637693883524
32.38,0.00614574187884109
32.4,-0.006438396254024
32.42,-0.0204858062628036
32.44,-0.0292654375182909
32.46,-0.0219490781387182
32.48,-0.0158033362598771
32.5,-0.00848697688030436
32.52,-0.00438981562774363
32.54,0
32.56,-0.000292654375182909
32.58,-0.00175592625109745
32.6,-0.003219198127012
32.62,-0.00292654375182909
32.64,-0.000877963125548727
32.66,0.000292654375182909
32.68,0.00468247000292654
32.7,0.0155106818846942
32.72,0.0251682762657302
32.74,0.0368744512730465
32.76,0.045068773778168
32.78,0.0383377231489611
32.8,0.0298507462686567
32.82,0.0163886450102429
32.84,0.00175592625109745
32.86,-0.0117061750073164
32.88,-0.0286801287679251
32.9,-0.0280948200175593
32.92,-0.0134621012584138
32.94,-0.00204858062628036
32.96,0.00907228563067018
32.98,0.0131694468832309
33,0.0199004975124378
33.02,0.0152180275095113
33.04,0.0131694468832309
33.06,0.00526777875329236
33.08,-0.000585308750365818
33.1,-0.00848697688030436
33.12,-0.00819432250512145
33.14,-0.00497512437810945
33.16,-0.00175592625109745
33.18,-0.00146327187591455
33.2,-0.00497512437810945
33.22,-0.006438396254024
33.24,-0.0105355575065847
33.26,-0.00936494000585309
33.28,-0.00204858062628036
33.3,0.00409716125256073
33.32,0.0119988293824993
33.34,0.0190225343868891
33.36,0.0184372256365233
33.38,0.0152180275095113
33.4,0.00175592625109745
33.42,-0.0131694468832309
33.44,-0.0222417325139011
33.46,-0.0187298800117062
33.48,-0.0190225343868891
33.5,-0.0313140181445713
33.52,-0.0471173544044484
33.54,-0.0509218612818262
33.56,-0.0342405618964004
33.58,-0.0204858062628036
33.6,-0.0105355575065847
33.62,-0.00731635937957273
33.64,-0.000585308750365818
33.66,0.00117061750073164
33.68,0.0105355575065847
33.7,0.0239976587649985
33.72,0.0336552531460345
33.74,0.0204858062628036
33.76,0.0111208662569505
33.78,-0.00292654375182909
33.8,-0.00731635937957273
33.82,-0.00995024875621891
33.84,-0.0119988293824993
33.86,-0.0131694468832309
33.88,-0.0190225343868891
33.9,-0.0351185250219491
33.92,-0.0342405618964004
33.94,-0.0316066725197542
33.96,-0.0286801287679251
33.98,-0.0237050043898156
34,-0.0222417325139011
34.02,-0.03219198127012
34.04,-0.0403863037752414
34.06,-0.0485806262803629
34.08,-0.0421422300263389
34.1,-0.0380450687737782
34.12,-0.0324846356453029
34.14,-0.0316066725197542
34.16,-0.0286801287679251
34.18,-0.0286801287679251
34.2,-0.0184372256365233
34.22,-0.000585308750365818
34.24,0.0158033362598771
34.26,0.03219198127012
34.28,0.0444834650278022
34.3,0.0576529119110331
34.32,0.0497512437810945
34.34,0.0409716125256073
34.36,0.0301434006438396
34.38,0.0187298800117062
34.4,0.00292654375182909
34.42,-0.0196078431372549
34.44,-0.0307287093942054
34.46,-0.0357038337723149
34.48,-0.0403863037752414
34.5,-0.0485806262803629
34.52,-0.0629206906643254
34.54,-0.0787240269242025
34.56,-0.0801872988001171
34.58,-0.0635059994146912
34.6,-0.0520924787825578
34.62,-0.0339479075212174
34.64,-0.0178519168861574
34.66,0
34.68,0.0158033362598771
34.7,0.028972783143108
34.72,0.0421422300263389
34.74,0.054726368159204
34.76,0.0678958150424349
34.78,0.0766754462979222
34.8,0.0746268656716418
34.82,0.0664325431665203
34.84,0.0500438981562774
34.86,0.0371671056482294
34.88,0.0158033362598771
34.9,-0.0137547556335967
34.92,-0.0436055019022534
34.94,-0.0614574187884109
34.96,-0.0743342112964589
34.98,-0.0737489025460931
35,-0.0717003219198127
35.02,-0.0661398887913374
35.04,-0.0523851331577407
35.06,-0.0398009950248756
35.08,-0.0239976587649985
35.1,-0.00409716125256073
35.12,0.012876792508048
35.14,0.0260462393912789
35.16,0.0283874743927422
35.18,0.0292654375182909
35.2,0.0292654375182909
35.22,0.0304360550190225
35.24,0.0398009950248756
35.26,0.035411179397132
35.28,0.0292654375182909
35.3,0.0210711150131695
35.32,0.00556043312847527
35.34,-0.00819432250512145
35.36,-0.0242903131401815
35.38,-0.0383377231489611
35.4,-0.0556043312847527
35.42,-0.0567749487854843
35.44,-0.0406789581504244
35.46,-0.0292654375182909
35.48,-0.012876792508048
35.5,-0.012876792508048
35.52,-0.0117061750073164
35.54,-0.0131694468832309
35.56,-0.0143400643839625
35.58,-0.0114135206321335
35.6,-0.00614574187884109
35.62,-0.006438396254024
35.64,-0.00468247000292654
35.66,-0.00468247000292654
35.68,-0.00351185250219491
35.7,-0.00351185250219491
35.72,0.00819432250512145
35.74,0.0199004975124378
35.76,0.0336552531460345
35.78,0.0280948200175593
35.8,0.0163886450102429
35.82,0.00497512437810945
35.84,-0.00907228563067018
35.86,-0.0228270412642669
35.88,-0.0269242025168276
35.9,-0.0269242025168276
35.92,-0.0278021656423764
35.94,-0.0269242025168276
35.96,-0.0251682762657302
35.98,-0.0152180275095113
36,-0.006438396254024
36.02,0.00409716125256073
36.04,0.0111208662569505
36.06,0.00995024875621891
36.08,0.00995024875621891
36.1,0.00848697688030436
36.12,0.0117061750073164
36.14,0.0158033362598771
36.16,0.0196078431372549
36.18,0.0248756218905473
36.2,0.0254609306409131
36.22,0.022534386889084
36.24,0.0204858062628036
36.26,0.0178519168861574
36.28,0.0219490781387182
36.3,0.0254609306409131
36.32,0.0298507462686567
36.34,0.0324846356453029
36.36,0.0263388937664618
36.38,0.0219490781387182
36.4,0.0155106818846942
36.42,0.0181445712613404
36.44,0.0231196956394498
36.46,0.0283874743927422
36.48,0.0345332162715833
36.5,0.0395083406496927
36.52,0.0307287093942054
36.54,0.022534386889084
36.56,0.012876792508048
36.58,0.00351185250219491
36.6,-0.00614574187884109
36.62,-0.0122914837576822
36.64,-0.0199004975124378
36.66,-0.0254609306409131
36.68,-0.0351185250219491
36.7,-0.0465320456540825
36.72,-0.057945566286216
36.74,-0.0681884694176178
36.76,-0.0755048287971905
36.78,-0.0790166812993854
36.8,-0.0813579163008487
36.82,-0.0839918056774949
36.84,-0.0813579163008487
36.86,-0.0790166812993854
36.88,-0.0755048287971905
36.9,-0.0734562481709102
36.92,-0.0640913081650571
36.94,-0.0506292069066433
36.96,-0.0377524143985953
36.98,-0.0318993268949371
37,-0.0307287093942054
37.02,-0.0278021656423764
37.04,-0.0266315481416447
37.06,-0.0210711150131695
37.08,-0.0172666081357916
37.1,-0.0117061750073164
37.12,-0.00673105062920691
37.14,0.00526777875329236
37.16,0.0102429031314018
37.18,0.0122914837576822
37.2,0.0140474100087796
37.22,0.0125841381328651
37.24,0.0125841381328651
37.26,0.0111208662569505
37.28,0.0105355575065847
37.3,0.00936494000585309
37.32,0.0137547556335967
37.34,0.0184372256365233
37.36,0.0248756218905473
37.38,0.03219198127012
37.4,0.0392156862745098
37.42,0.0468247000292654
37.44,0.0529704419081065
37.46,0.0506292069066433
37.48,0.0491659350307287
37.5,0.0465320456540825
37.52,0.0430201931518876
37.54,0.0316066725197542
37.56,0.0199004975124378
37.58,0.00936494000585309
37.6,0.00263388937664618
37.62,0.00556043312847527
37.64,0.00819432250512145
37.66,0.0117061750073164
37.68,0.0158033362598771
37.7,0.0201931518876207
37.72,0.0278021656423764
37.74,0.0342405618964004
37.76,0.041849575651156
37.78,0.041849575651156
37.8,0.0365817968978636
37.82,0.0357038337723149
37.84,0.0362891425226807
37.86,0.0368744512730465
37.88,0.0380450687737782
37.9,0.0389230318993269
37.92,0.0310213637693884
37.94,0.0231196956394498
37.96,0.0134621012584138
37.98,0.00585308750365818
38,0.00146327187591455
38.02,-0.003219198127012
38.04,-0.00731635937957273
38.06,-0.003219198127012
38.08,0.00526777875329236
38.1,0.0125841381328651
38.12,0.0222417325139011
38.14,0.0301434006438396
38.16,0.0389230318993269
38.18,0.0295580918934738
38.2,0.0181445712613404
38.22,0.00526777875329236
38.24,-0.00790166812993854
38.26,-0.0234123500146327
38.28,-0.0260462393912789
38.3,-0.0158033362598771
38.32,-0.00877963125548727
38.34,0.00175592625109745
38.36,0.00351185250219491
38.38,0.006438396254024
38.4,0.00790166812993854
38.42,0.00936494000585309
38.44,0.0140474100087796
38.46,0.0201931518876207
38.48,0.0260462393912789
38.5,0.0327772900204858
38.52,0.0389230318993269
38.54,0.0409716125256073
38.56,0.0400936494000585
38.58,0.0409716125256073
38.6,0.0395083406496927
38.62,0.0406789581504244
38.64,0.0298507462686567
38.66,0.00877963125548727
38.68,-0.00936494000585309
38.7,-0.0184372256365233
38.72,-0.0248756218905473
38.74,-0.0327772900204858
38.76,-0.0459467369037167
38.78,-0.0576529119110331
38.8,-0.0550190225343869
38.82,-0.0532630962832894
38.84,-0.0497512437810945
38.86,-0.0456540825285338
38.88,-0.0415569212759731
38.9,-0.0377524143985953
38.92,-0.0365817968978636
38.94,-0.0351185250219491
38.96,-0.0339479075212174
38.98,-0.0333625987708516
39,-0.0310213637693884
39.02,-0.0187298800117062
39.04,-0.00614574187884109
39.06,0.000585308750365818
39.08,-0.00117061750073164
39.1,-0.00117061750073164
39.12,-0.00409716125256073
39.14,-0.00556043312847527
39.16,-0.00234123500146327
39.18,0.003219198127012
39.2,0.00790166812993854
39.22,0.0146327187591455
39.24,0.0155106818846942
39.26,0.0122914837576822
39.28,0.00877963125548727
39.3,0.003219198127012
39.32,-0.00146327187591455
39.34,-0.00702370500438982
39.36,-0.00585308750365818
39.38,-0.00204858062628036
39.4,0.00117061750073164
39.42,0.00556043312847527
39.44,0.009657594381036
39.46,0.0140474100087796
39.48,0.0166812993854258
39.5,0.0190225343868891
39.52,0.0216564237635353
39.54,0.0237050043898156
39.56,0.0266315481416447
39.58,0.0371671056482294
39.6,0.0494585894059116
39.62,0.0421422300263389
39.64,0.0307287093942054
39.66,0.0204858062628036
39.68,0.0102429031314018
39.7,0.000585308750365818
39.72,-0.00936494000585309
39.74,-0.0187298800117062
39.76,-0.0278021656423764
39.78,-0.0266315481416447
39.8,-0.0242903131401815
39.82,-0.0213637693883524
39.84,-0.0149253731343284
39.86,-0.00877963125548727
39.88,-0.00117061750073164
39.9,0.009657594381036
39.92,0.0152180275095113
39.94,0.012876792508048
39.96,0.0117061750073164
39.98,0.00877963125548727
40,0.00585308750365818
40.02,0.00292654375182909
40.04,0.000292654375182909
40.06,-0.00292654375182909
40.08,-0.00409716125256073
40.1,0.000585308750365818
40.12,0.00468247000292654
40.14,0.00877963125548727
40.16,0.00673105062920691
40.18,0.00468247000292654
40.2,0.00468247000292654
40.22,0.00760901375475563
40.24,0.00936494000585309
40.26,0.0131694468832309
40.28,0.0134621012584138
40.3,0.00614574187884109
40.32,-0.000877963125548727
40.34,-0.00877963125548727
40.36,-0.0175592625109745
40.38,-0.0254609306409131
40.4,-0.0339479075212174
40.42,-0.0313140181445713
40.44,-0.0275095112671934
40.46,-0.0228270412642669
40.48,-0.0199004975124378
40.5,-0.0184372256365233
40.52,-0.0166812993854258
40.54,-0.0146327187591455
40.56,-0.0119988293824993
40.58,-0.009657594381036
40.6,-0.00702370500438982
40.62,-0.00409716125256073
40.64,-0.00146327187591455
40.66,0.00117061750073164
40.68,0.00380450687737782
40.7,0.00614574187884109
40.72,0.000292654375182909
40.74,-0.00526777875329236
40.76,-0.0117061750073164
40.78,-0.0187298800117062
40.8,-0.0254609306409131
40.82,-0.03219198127012
40.84,-0.0377524143985953
40.86,-0.0441908106526193
40.88,-0.04828797190518
40.9,-0.0509218612818262
40.92,-0.0538484050336553
40.94,-0.0567749487854843
40.96,-0.0591161837869476
40.98,-0.0623353819139596
41,-0.057945566286216
41.02,-0.0506292069066433
41.04,-0.0395083406496927
41.06,-0.0190225343868891
41.08,-0.00409716125256073
41.1,0.00585308750365818
41.12,0.01609599063506
41.14,0.0239976587649985
41.16,0.0260462393912789
41.18,0.0298507462686567
41.2,0.0272168568920105
41.22,0.0234123500146327
41.24,0.0178519168861574
41.26,0.009657594381036
41.28,0.000877963125548727
41.3,-0.00702370500438982
41.32,-0.0166812993854258
41.34,-0.0131694468832309
41.36,-0.00380450687737782
41.38,0.00380450687737782
41.4,0.009657594381036
41.42,0.0140474100087796
41.44,0.0158033362598771
41.46,0.0169739537606087
41.48,0.0181445712613404
41.5,0.0190225343868891
41.52,0.0201931518876207
41.54,0.0210711150131695
41.56,0.0219490781387182
41.58,0.022534386889084
41.6,0.0213637693883524
41.62,0.0201931518876207
41.64,0.0187298800117062
41.66,0.0169739537606087
41.68,0.0158033362598771
41.7,0.0140474100087796
41.72,0.0178519168861574
41.74,0.0231196956394498
41.76,0.0280948200175593
41.78,0.0333625987708516
41.8,0.0368744512730465
41.82,0.0406789581504244
41.84,0.0383377231489611
41.86,0.0359964881474978
41.88,0.0333625987708516
41.9,0.0301434006438396
41.92,0.0254609306409131
41.94,0.0210711150131695
41.96,0.0163886450102429
41.98,0.0117061750073164
42,0.00702370500438982
42.02,0.00204858062628036
42.04,0.00117061750073164
42.06,0.00234123500146327
42.08,0.00263388937664618
42.1,0.00673105062920691
42.12,0.0122914837576822
42.14,0.0152180275095113
42.16,0.0178519168861574
42.18,0.0210711150131695
42.2,0.0231196956394498
42.22,0.0260462393912789
42.24,0.0278021656423764
42.26,0.0278021656423764
42.28,0.0272168568920105
42.3,0.0260462393912789
42.32,0.00731635937957273
42.34,0
42.36,-0.00146327187591455
42.38,-0.00585308750365818
42.4,-0.00702370500438982
42.42,-0.009657594381036
42.44,-0.0140474100087796
42.46,-0.0187298800117062
42.48,-0.0234123500146327
42.5,-0.0283874743927422
42.52,-0.0333625987708516
42.54,-0.0374597600234124
42.56,-0.0310213637693884
42.58,-0.0260462393912789
42.6,-0.019315188762072
42.62,-0.0125841381328651
42.64,-0.00556043312847527
42.66,-0.003219198127012
42.68,-0.00263388937664618
42.7,-0.00146327187591455
42.72,-0.00117061750073164
42.74,0.00146327187591455
42.76,0.00409716125256073
42.78,0.00702370500438982
42.8,0.0102429031314018
42.82,0.0125841381328651
42.84,0.012876792508048
42.86,0.0114135206321335
42.88,0.00380450687737782
42.9,-0.00234123500146327
42.92,-0.0105355575065847
42.94,-0.0137547556335967
42.96,-0.01609599063506
42.98,-0.0181445712613404
43,-0.0199004975124378
43.02,-0.0213637693883524
43.04,-0.0234123500146327
43.06,-0.0219490781387182
43.08,-0.0187298800117062
43.1,-0.00819432250512145
43.12,0.00146327187591455
43.14,0.0134621012584138
43.16,0.0190225343868891
43.18,0.0175592625109745
43.2,0.0175592625109745
43.22,0.0158033362598771
43.24,0.0143400643839625
43.26,0.012876792508048
43.28,0.0114135206321335
43.3,0.00848697688030436
43.32,0
43.34,-0.00760901375475563
43.36,-0.0152180275095113
43.38,-0.0122914837576822
43.4,-0.0108282118817676
43.42,-0.00731635937957273
43.44,-0.00438981562774363
43.46,-0.000585308750365818
43.48,0.000585308750365818
43.5,0
43.52,-0.000292654375182909
43.54,-0.00117061750073164
43.56,-0.00204858062628036
43.58,-0.00175592625109745
43.6,-0.000292654375182909
43.62,0.000877963125548727
43.64,0.00204858062628036
43.66,-0.000292654375182909
43.68,-0.00204858062628036
43.7,-0.00438981562774363
43.72,-0.00702370500438982
43.74,-0.00848697688030436
43.76,-0.00819432250512145
43.78,-0.00819432250512145
43.8,-0.00731635937957273
43.82,-0.00702370500438982
43.84,-0.00614574187884109
43.86,-0.00790166812993854
43.88,-0.012876792508048
43.9,-0.0169739537606087
43.92,-0.0222417325139011
43.94,-0.0245829675153644
43.96,-0.0239976587649985
43.98,-0.0242903131401815
44,-0.0219490781387182
44.02,-0.0146327187591455
44.04,-0.00819432250512145
44.06,-0.000585308750365818
44.08,0.00526777875329236
44.1,0.00526777875329236
44.12,0.00614574187884109
44.14,0.00614574187884109
44.16,0.00614574187884109
44.18,0.00907228563067018
44.2,0.0125841381328651
44.22,0.0143400643839625
44.24,0.0143400643839625
44.26,0.0143400643839625
44.28,0.0140474100087796
44.3,0.0137547556335967
44.32,0.0152180275095113
44.34,0.0196078431372549
44.36,0.0231196956394498
44.38,0.0278021656423764
44.4,0.0283874743927422
44.42,0.0280948200175593
44.44,0.0280948200175593
44.46,0.0272168568920105
44.48,0.0266315481416447
44.5,0.0260462393912789
44.52,0.0254609306409131
44.54,0.0245829675153644
44.56,0.0239976587649985
44.58,0.0234123500146327
44.6,0.022534386889084
44.62,0.0181445712613404
44.64,0.0137547556335967
44.66,0.0102429031314018
44.68,0.0105355575065847
44.7,0.00995024875621891
44.72,0.0102429031314018
44.74,0.0105355575065847
44.76,0.00936494000585309
44.78,0.00556043312847527
44.8,0.00438981562774363
44.82,0.00409716125256073
44.84,0.00351185250219491
44.86,0.00351185250219491
44.88,0.003219198127012
44.9,0
44.92,-0.00292654375182909
44.94,-0.00585308750365818
44.96,-0.00731635937957273
44.98,-0.00848697688030436
45,-0.009657594381036
45.02,-0.0108282118817676
45.04,-0.0140474100087796
45.06,-0.0184372256365233
45.08,-0.022534386889084
45.1,-0.0269242025168276
45.12,-0.0313140181445713
45.14,-0.0357038337723149
45.16,-0.0403863037752414
45.18,-0.041849575651156
45.2,-0.0351185250219491
45.22,-0.0301434006438396
45.24,-0.0228270412642669
45.26,-0.0196078431372549
45.28,-0.0184372256365233
45.3,-0.0169739537606087
45.32,-0.0163886450102429
45.34,-0.0155106818846942
45.36,-0.0146327187591455
45.38,-0.0140474100087796
45.4,-0.0131694468832309
45.42,-0.0122914837576822
45.44,-0.0114135206321335
45.46,-0.00907228563067018
45.48,-0.00760901375475563
45.5,-0.003219198127012
45.52,0.00292654375182909
45.54,0.00907228563067018
45.56,0.0134621012584138
45.58,0.0140474100087796
45.6,0.0158033362598771
45.62,0.01609599063506
45.64,0.0184372256365233
45.66,0.0245829675153644
45.68,0.0295580918934738
45.7,0.0245829675153644
45.72,0.0207784606379865
45.74,0.0155106818846942
45.76,0.009657594381036
45.78,0.00819432250512145
45.8,0.00848697688030436
45.82,0.00819432250512145
45.84,0.00790166812993854
45.86,0.00351185250219491
45.88,-0.000292654375182909
45.9,-0.00292654375182909
45.92,-0.003219198127012
45.94,-0.00468247000292654
45.96,-0.00438981562774363
45.98,-0.00907228563067018
46,-0.0199004975124378
46.02,-0.028972783143108
46.04,-0.0298507462686567
46.06,-0.0307287093942054
46.08,-0.0310213637693884
46.1,-0.028972783143108
46.12,-0.0260462393912789
46.14,-0.0231196956394498
46.16,-0.0216564237635353
46.18,-0.0210711150131695
46.2,-0.0199004975124378
46.22,-0.0196078431372549
46.24,-0.0184372256365233
46.26,-0.0117061750073164
46.28,-0.00380450687737782
46.3,0.00380450687737782
46.32,0.0125841381328651
46.34,0.0207784606379865
46.36,0.028972783143108
46.38,0.0251682762657302
46.4,0.0184372256365233
46.42,0.0119988293824993
46.44,0.00380450687737782
46.46,-0.00409716125256073
46.48,-0.0102429031314018
46.5,-0.0108282118817676
46.52,-0.012876792508048
46.54,-0.0134621012584138
46.56,-0.0143400643839625
46.58,-0.0149253731343284
46.6,-0.0158033362598771
46.62,-0.0163886450102429
46.64,-0.0169739537606087
46.66,-0.0134621012584138
46.68,-0.00848697688030436
46.7,-0.00380450687737782
46.72,0.00204858062628036
46.74,0.00497512437810945
46.76,0.00556043312847527
46.78,0.00731635937957273
46.8,0.00731635937957273
46.82,0.0102429031314018
46.84,0.0146327187591455
46.86,0.0187298800117062
46.88,0.0234123500146327
46.9,0.0275095112671934
46.92,0.0283874743927422
46.94,0.0298507462686567
46.96,0.0307287093942054
46.98,0.0316066725197542
47,0.03219198127012
47.02,0.0304360550190225
47.04,0.028972783143108
47.06,0.0272168568920105
47.08,0.0251682762657302
47.1,0.0231196956394498
47.12,0.0210711150131695
47.14,0.0184372256365233
47.16,0.01609599063506
47.18,0.0134621012584138
47.2,0.0111208662569505
47.22,0.00907228563067018
47.24,0.00790166812993854
47.26,0.00614574187884109
47.28,0.00497512437810945
47.3,0.00351185250219491
47.32,0.00204858062628036
47.34,0.000877963125548727
47.36,0.00234123500146327
47.38,0.00380450687737782
47.4,0.00556043312847527
47.42,0.006438396254024
47.44,0.00263388937664618
47.46,-0.000877963125548727
47.48,-0.00497512437810945
47.5,-0.00907228563067018
47.52,-0.0137547556335967
47.54,-0.0155106818846942
47.56,-0.0140474100087796
47.58,-0.0125841381328651
47.6,-0.0111208662569505
47.62,-0.00731635937957273
47.64,-0.00263388937664618
47.66,0.00204858062628036
47.68,0.00497512437810945
47.7,0.006438396254024
47.72,0.0102429031314018
47.74,0.0178519168861574
47.76,0.0242903131401815
47.78,0.0327772900204858
47.8,0.0313140181445713
47.82,0.0254609306409131
47.84,0.0207784606379865
47.86,0.0137547556335967
47.88,0.00790166812993854
47.9,0.00117061750073164
47.92,-0.00468247000292654
47.94,-0.00702370500438982
47.96,-0.009657594381036
47.98,-0.0134621012584138
48,-0.0201931518876207
48.02,-0.0245829675153644
48.04,-0.025753585016096
48.06,-0.0272168568920105
48.08,-0.0278021656423764
48.1,-0.0283874743927422
48.12,-0.028972783143108
48.14,-0.0295580918934738
48.16,-0.0298507462686567
48.18,-0.0286801287679251
48.2,-0.0278021656423764
48.22,-0.0263388937664618
48.24,-0.0254609306409131
48.26,-0.0260462393912789
48.28,-0.0266315481416447
48.3,-0.0272168568920105
48.32,-0.0280948200175593
48.34,-0.0283874743927422
48.36,-0.025753585016096
48.38,-0.0237050043898156
48.4,-0.0207784606379865
48.42,-0.0199004975124378
48.44,-0.0199004975124378
48.46,-0.0196078431372549
48.48,-0.0196078431372549
48.5,-0.019315188762072
48.52,-0.019315188762072
48.54,-0.0187298800117062
48.56,-0.0163886450102429
48.58,-0.0146327187591455
48.6,-0.0125841381328651
48.62,-0.00995024875621891
48.64,-0.00673105062920691
48.66,-0.00380450687737782
48.68,-0.000585308750365818
48.7,0.00292654375182909
48.72,0.00497512437810945
48.74,0.00263388937664618
48.76,0.000877963125548727
48.78,-0.00146327187591455
48.8,-0.00409716125256073
48.82,-0.00204858062628036
48.84,0.00175592625109745
48.86,0.00468247000292654
48.88,0.00380450687737782
48.9,0.00351185250219491
48.92,0.00234123500146327
48.94,0.00146327187591455
48.96,0
48.98,0.000585308750365818
49,0.00263388937664618
49.02,0.00409716125256073
49.04,0.00614574187884109
49.06,0.006438396254024
49.08,0.00292654375182909
49.1,0
49.12,-0.00351185250219491
49.14,-0.00702370500438982
49.16,-0.00702370500438982
49.18,-0.00556043312847527
49.2,-0.00468247000292654
49.22,-0.00526777875329236
49.24,-0.006438396254024
49.26,-0.00790166812993854
49.28,-0.00877963125548727
49.3,-0.00760901375475563
49.32,-0.006438396254024
49.34,-0.006438396254024
49.36,-0.00936494000585309
49.38,-0.0119988293824993
49.4,-0.0149253731343284
49.42,-0.0134621012584138
49.44,-0.0125841381328651
49.46,-0.0111208662569505
49.48,-0.00936494000585309
49.5,-0.00760901375475563
49.52,-0.00585308750365818
49.54,-0.00556043312847527
49.56,-0.00526777875329236
49.58,-0.00438981562774363
49.6,0.00380450687737782
49.62,0.0119988293824993
49.64,0.0196078431372549
49.66,0.0204858062628036
49.68,0.0222417325139011
49.7,0.0228270412642669
49.72,0.0234123500146327
49.74,0.0237050043898156
49.76,0.0245829675153644
49.78,0.0228270412642669
49.8,0.0178519168861574
49.82,0.0140474100087796
49.84,0.00907228563067018
49.86,0.00848697688030436
49.88,0.00877963125548727
49.9,0.00936494000585309
49.92,0.0102429031314018
49.94,0.0108282118817676
49.96,0.00702370500438982
49.98,0.00204858062628036
50,-0.00234123500146327
50.02,-0.00819432250512145
50.04,-0.0102429031314018
50.06,-0.006438396254024
50.08,-0.00380450687737782
50.1,0.000292654375182909
50.12,0.000877963125548727
50.14,0.000292654375182909
50.16,-0.000292654375182909
50.18,-0.00146327187591455
50.2,-0.00234123500146327
50.22,-0.003219198127012
50.24,-0.00438981562774363
50.26,-0.00351185250219491
50.28,-0.00234123500146327
50.3,-0.00117061750073164
50.32,0.000292654375182909
50.34,0.00146327187591455
50.36,0.00234123500146327
50.38,0.00234123500146327
50.4,0.00263388937664618
50.42,0.00292654375182909
50.44,0.006438396254024
50.46,0.009657594381036
50.48,0.0134621012584138
50.5,0.0172666081357916
50.52,0.0210711150131695
50.54,0.0231196956394498
50.56,0.0181445712613404
50.58,0.0146327187591455
50.6,0.00936494000585309
50.62,0.00468247000292654
50.64,-0.00117061750073164
50.66,0
50.68,0.00877963125548727
50.7,0.0152180275095113
50.72,0.0254609306409131
50.74,0.0239976587649985
50.76,0.00907228563067018
50.78,-0.000585308750365818
50.8,-0.0181445712613404
50.82,-0.00819432250512145
50.84,0.0169739537606087
50.86,0.0380450687737782
50.88,0.0646766169154229
50.9,0.0541410594088382
50.92,0.0275095112671934
50.94,0.0266315481416447
50.96,0.022534386889084
50.98,0.0263388937664618
51,0.00468247000292654
51.02,-0.0245829675153644
51.04,-0.0585308750365818
51.06,-0.0433128475270705
51.08,-0.00204858062628036
51.1,0.0313140181445713
51.12,0.028972783143108
51.14,0.0140474100087796
51.16,0.000877963125548727
51.18,-0.0201931518876207
51.2,-0.0313140181445713
51.22,-0.00438981562774363
51.24,0.0201931518876207
51.26,0.0403863037752414
51.28,0.0196078431372549
51.3,0.00585308750365818
51.32,0.0102429031314018
51.34,0.0263388937664618
51.36,0.0251682762657302
51.38,0.0152180275095113
51.4,0.00702370500438982
51.42,0.00468247000292654
51.44,0.00380450687737782
51.46,-0.003219198127012
51.48,-0.00995024875621891
51.5,-0.0196078431372549
51.52,-0.0158033362598771
51.54,-0.00585308750365818
51.56,0.00409716125256073
51.58,0.0140474100087796
51.6,0.0283874743927422
51.62,0.0169739537606087
51.64,-0.0140474100087796
51.66,-0.0348258706467662
51.68,-0.0278021656423764
51.7,-0.0175592625109745
51.72,-0.00702370500438982
51.74,0.00936494000585309
51.76,0.0111208662569505
51.78,0.00409716125256073
51.8,-0.000292654375182909
51.82,-0.00204858062628036
51.84,0.00175592625109745
51.86,0.00292654375182909
51.88,0.00702370500438982
51.9,0.00380450687737782
51.92,0.00117061750073164
51.94,-0.00234123500146327
51.96,-0.00790166812993854
51.98,-0.01609599063506
52,-0.0245829675153644
52.02,-0.0272168568920105
52.04,-0.0178519168861574
52.06,-0.0105355575065847
52.08,-0.000585308750365818
52.1,0.009657594381036
52.12,0.0108282118817676
52.14,-0.00409716125256073
52.16,-0.0131694468832309
52.18,-0.0301434006438396
52.2,-0.022534386889084
52.22,-0.00673105062920691
52.24,0.00907228563067018
52.26,0.0119988293824993
52.28,0.00760901375475563
52.3,0.00380450687737782
52.32,0.00438981562774363
52.34,0.0178519168861574
52.36,0.0213637693883524
52.38,0.0216564237635353
52.4,0.0222417325139011
52.42,0.0213637693883524
52.44,0.0207784606379865
52.46,0.0166812993854258
52.48,0.0111208662569505
52.5,0.00614574187884109
52.52,-0.000585308750365818
52.54,-0.009657594381036
52.56,-0.0187298800117062
52.58,-0.0199004975124378
52.6,-0.0149253731343284
52.62,-0.0158033362598771
52.64,-0.0158033362598771
52.66,-0.0166812993854258
52.68,-0.009657594381036
52.7,0
52.72,0.009657594381036
52.74,0.0204858062628036
52.76,0.0280948200175593
52.78,0.0248756218905473
52.8,0.0234123500146327
52.82,0.0199004975124378
52.84,0.0219490781387182
52.86,0.022534386889084
52.88,0.0248756218905473
52.9,0.0178519168861574
52.92,0.0108282118817676
52.94,0.00204858062628036
52.96,-0.000292654375182909
52.98,0.00117061750073164
53,0.00146327187591455
53.02,-0.00292654375182909
53.04,-0.00848697688030436
53.06,-0.0134621012584138
53.08,-0.0201931518876207
53.1,-0.0190225343868891
53.12,-0.012876792508048
53.14,-0.00819432250512145
53.16,-0.00204858062628036
53.18,-0.00673105062920691
53.2,-0.009657594381036
53.22,-0.0149253731343284
53.24,-0.0175592625109745
53.26,-0.0163886450102429
53.28,-0.0158033362598771
53.3,-0.0146327187591455
53.32,-0.019315188762072
53.34,-0.0266315481416447
53.36,-0.0333625987708516
53.38,-0.0409716125256073
53.4,-0.0403863037752414
53.42,-0.0409716125256073
53.44,-0.035411179397132
53.46,-0.0280948200175593
53.48,-0.0216564237635353
53.5,-0.0134621012584138
53.52,-0.00995024875621891
53.54,-0.0122914837576822
53.56,-0.0131694468832309
53.58,-0.01609599063506
53.6,-0.0184372256365233
53.62,-0.0210711150131695
53.64,-0.0234123500146327
53.66,-0.0213637693883524
53.68,-0.0152180275095113
53.7,-0.0108282118817676
53.72,-0.00760901375475563
53.74,-0.00409716125256073
